id,header,text,pub_date,author_id
1,infrastructure,Optional disintermediate encryption,2021-07-27T21:51:22Z,4
2,Intuitive,Monitored motivating website,2021-06-05T05:30:07Z,35
3,grid-enabled,Integrated actuating info-mediaries,2021-12-29T11:01:06Z,78
4,Face to face,Re-contextualized well-modulated focus group,2022-01-20T02:31:29Z,88
5,bandwidth-monitored,Organized impactful budgetary management,2022-05-16T22:08:42Z,27
6,instruction set,Cross-platform value-added neural-net,2021-12-01T10:19:52Z,61
7,dynamic,Operative directional interface,2021-07-31T16:34:26Z,25
8,real-time,Implemented stable secured line,2021-07-02T02:24:35Z,80
9,concept,Robust next generation application,2021-11-29T01:25:36Z,24
10,well-modulated,Public-key tangible emulation,2022-02-16T09:56:21Z,1
11,internet solution,Triple-buffered transitional frame,2021-10-12T04:36:13Z,58
12,Persistent,Inverse system-worthy paradigm,2021-12-26T12:11:04Z,61
13,Versatile,Profit-focused hybrid knowledge base,2021-08-29T00:47:20Z,63
14,grid-enabled,Automated modular ability,2021-10-11T03:08:39Z,96
15,tertiary,Up-sized radical orchestration,2021-08-23T12:59:53Z,76
16,24/7,Ameliorated hybrid algorithm,2021-08-28T21:47:06Z,78
17,leading edge,Open-source stable encoding,2021-11-16T16:27:02Z,18
18,Ergonomic,Cloned user-facing software,2022-03-02T11:48:48Z,17
19,pricing structure,Persevering bandwidth-monitored infrastructure,2022-04-06T04:50:27Z,17
20,flexibility,Phased encompassing application,2021-09-15T07:59:13Z,3
21,Graphic Interface,Up-sized composite concept,2022-03-05T08:49:58Z,95
22,Cross-group,Self-enabling systematic definition,2021-12-15T20:56:50Z,56
23,core,Advanced cohesive complexity,2022-02-28T00:45:44Z,83
24,stable,Virtual asynchronous portal,2021-05-22T00:17:33Z,85
25,Multi-tiered,Customer-focused disintermediate installation,2021-08-30T13:59:12Z,46
26,eco-centric,Streamlined holistic function,2021-11-11T02:56:52Z,26
27,Total,Centralized contextually-based leverage,2021-07-03T08:23:24Z,41
28,heuristic,Grass-roots intangible complexity,2021-08-13T04:09:59Z,95
29,Visionary,Enterprise-wide client-driven internet solution,2022-05-06T06:59:36Z,88
30,open architecture,Open-architected 3rd generation collaboration,2021-12-28T13:23:26Z,38
31,heuristic,Progressive grid-enabled workforce,2022-03-06T13:03:29Z,51
32,firmware,Open-architected even-keeled solution,2021-08-06T23:59:43Z,4
33,Visionary,Organized next generation knowledge user,2021-09-09T12:52:18Z,40
34,static,User-centric client-server process improvement,2021-10-13T01:42:17Z,40
35,context-sensitive,Secured optimizing secured line,2021-12-08T23:14:12Z,59
36,6th generation,Mandatory next generation solution,2021-10-09T17:28:14Z,44
37,Down-sized,Optional optimizing adapter,2021-06-20T20:05:02Z,22
38,conglomeration,Face to face multi-state flexibility,2022-02-19T14:22:59Z,80
39,Fundamental,Down-sized leading edge middleware,2021-11-28T23:07:52Z,45
40,background,Seamless encompassing local area network,2021-09-10T05:03:40Z,42
41,multi-state,Customer-focused real-time hierarchy,2022-04-20T20:19:26Z,3
42,5th generation,Fully-configurable mission-critical local area network,2021-06-02T05:36:17Z,53
43,methodical,Decentralized holistic open architecture,2022-01-19T13:54:08Z,99
44,analyzing,Proactive homogeneous website,2021-06-09T01:04:08Z,74
45,upward-trending,Advanced non-volatile knowledge user,2021-07-16T15:43:16Z,60
46,solution-oriented,Exclusive regional Graphic Interface,2021-08-17T09:21:42Z,30
47,maximized,Persistent systematic intranet,2022-04-19T06:08:30Z,79
48,tertiary,Distributed upward-trending instruction set,2021-05-30T18:32:48Z,41
49,Expanded,Exclusive zero defect infrastructure,2021-06-18T15:18:15Z,93
50,global,Organized zero defect capacity,2021-05-18T05:01:53Z,88
51,asymmetric,Enhanced dynamic ability,2022-03-16T01:10:27Z,27
52,function,Proactive client-server approach,2021-10-05T03:22:45Z,73
53,interactive,Proactive encompassing core,2021-06-28T14:59:02Z,35
54,software,De-engineered attitude-oriented protocol,2022-05-15T16:51:38Z,72
55,dynamic,Pre-emptive fault-tolerant customer loyalty,2021-07-09T19:21:06Z,69
56,Robust,Open-source explicit hardware,2021-10-15T16:58:22Z,21
57,Digitized,Down-sized holistic attitude,2021-08-01T13:33:14Z,57
58,heuristic,Integrated clear-thinking synergy,2021-06-14T11:14:21Z,38
59,De-engineered,Vision-oriented actuating application,2021-08-30T10:02:59Z,77
60,coherent,Synchronised responsive protocol,2021-11-12T05:09:49Z,29
61,groupware,Virtual bifurcated extranet,2021-08-31T00:11:47Z,25
62,actuating,Automated asynchronous algorithm,2021-07-17T14:13:07Z,43
63,directional,Synchronised intangible open architecture,2021-10-20T17:42:45Z,55
64,Decentralized,Intuitive real-time parallelism,2022-04-20T23:23:42Z,90
65,success,Balanced maximized database,2021-10-20T19:26:53Z,76
66,matrices,Integrated 5th generation internet solution,2021-09-09T09:13:54Z,98
67,moratorium,De-engineered incremental project,2021-10-30T23:39:16Z,99
68,hardware,Future-proofed mission-critical migration,2022-05-06T11:39:41Z,33
69,Fundamental,Universal bifurcated protocol,2021-05-23T22:20:44Z,23
70,contingency,Profound responsive hierarchy,2021-06-08T11:23:21Z,67
71,directional,Polarised multi-tasking synergy,2022-04-10T01:12:10Z,57
72,infrastructure,Secured exuding adapter,2022-02-01T03:24:39Z,32
73,Devolved,Exclusive incremental strategy,2021-08-24T16:04:15Z,70
74,Virtual,Advanced empowering moderator,2021-12-29T08:55:58Z,5
75,Focused,Monitored motivating adapter,2022-01-24T16:18:42Z,14
76,policy,Fully-configurable eco-centric access,2021-10-30T14:07:59Z,19
77,Extended,Integrated solution-oriented utilisation,2021-11-14T23:17:47Z,47
78,Visionary,Operative asymmetric leverage,2022-01-27T14:01:43Z,25
79,hierarchy,Down-sized didactic local area network,2021-10-23T11:22:47Z,26
80,encryption,Enhanced didactic product,2021-09-29T14:19:43Z,26
81,success,Face to face intermediate array,2022-03-05T22:04:14Z,21
82,productivity,User-friendly scalable open architecture,2021-11-30T20:46:26Z,99
83,value-added,Ameliorated disintermediate migration,2022-01-21T07:43:02Z,56
84,4th generation,Object-based fresh-thinking alliance,2021-12-18T03:17:59Z,38
85,methodical,Customizable 6th generation support,2022-03-09T13:50:15Z,65
86,support,Self-enabling foreground model,2021-12-30T20:09:31Z,60
87,Programmable,Mandatory exuding analyzer,2022-03-01T05:21:54Z,57
88,array,Proactive mission-critical support,2022-05-17T00:25:55Z,67
89,Profound,Robust directional framework,2022-04-27T17:08:46Z,87
90,access,Integrated exuding infrastructure,2021-09-04T12:10:18Z,45
91,Secured,Focused multimedia function,2021-06-16T09:44:45Z,66
92,website,Front-line neutral intranet,2022-03-11T14:49:34Z,52
93,instruction set,Fully-configurable stable superstructure,2022-04-26T06:46:59Z,41
94,neural-net,Managed homogeneous access,2021-10-07T07:04:58Z,32
95,Networked,Horizontal needs-based adapter,2021-10-01T06:14:03Z,99
96,Assimilated,Cross-group next generation ability,2021-08-16T14:16:23Z,61
97,Customer-focused,Innovative discrete extranet,2021-11-18T03:35:11Z,49
98,open architecture,Pre-emptive asynchronous functionalities,2021-11-14T01:51:05Z,78
99,emulation,Multi-layered needs-based functionalities,2021-08-23T03:14:27Z,67
100,service-desk,Object-based multi-tasking open system,2021-06-17T08:16:18Z,41
101,emulation,Up-sized context-sensitive archive,2021-11-13T05:32:10Z,7
102,methodical,User-friendly responsive model,2022-02-10T00:36:43Z,11
103,radical,Open-source dedicated concept,2022-01-31T02:30:06Z,89
104,Distributed,Re-engineered mission-critical knowledge base,2022-03-25T10:14:41Z,65
105,Right-sized,Enhanced leading edge conglomeration,2021-11-21T04:05:18Z,90
106,contingency,Reactive actuating paradigm,2021-11-10T02:36:45Z,93
107,multi-state,Networked grid-enabled product,2021-07-07T17:50:55Z,80
108,throughput,Re-contextualized fault-tolerant paradigm,2021-06-16T05:40:45Z,88
109,infrastructure,Sharable web-enabled protocol,2021-10-07T09:53:04Z,49
110,Multi-tiered,User-friendly even-keeled service-desk,2021-05-27T02:26:23Z,56
111,exuding,Sharable well-modulated emulation,2021-11-03T05:46:37Z,51
112,non-volatile,Seamless system-worthy matrices,2021-10-13T11:30:47Z,37
113,scalable,Function-based tangible strategy,2021-07-24T09:21:01Z,99
114,User-friendly,Re-engineered zero tolerance knowledge base,2021-10-29T01:39:24Z,100
115,Multi-channelled,Team-oriented grid-enabled Graphic Interface,2021-11-25T03:31:55Z,18
116,Cross-group,Operative fresh-thinking access,2022-04-18T21:52:43Z,56
117,secured line,Organized incremental benchmark,2022-05-01T17:29:06Z,56
118,impactful,Persevering hybrid focus group,2021-11-28T06:51:52Z,22
119,background,Ameliorated high-level orchestration,2021-12-05T18:25:22Z,96
120,human-resource,Fully-configurable value-added frame,2021-07-11T08:49:50Z,76
121,synergy,Visionary 24/7 leverage,2022-01-27T10:33:07Z,58
122,cohesive,Function-based methodical initiative,2022-03-24T06:35:05Z,55
123,data-warehouse,Synchronised tangible internet solution,2022-04-08T12:45:56Z,74
124,orchestration,Secured cohesive pricing structure,2022-03-04T09:04:14Z,77
125,Virtual,Switchable analyzing moratorium,2022-01-08T18:23:01Z,18
126,Future-proofed,Synchronised mission-critical architecture,2021-10-14T09:06:03Z,61
127,holistic,Reactive mobile implementation,2021-09-07T23:29:39Z,32
128,well-modulated,Quality-focused 24/7 hub,2021-07-22T04:07:55Z,35
129,Object-based,Enterprise-wide asynchronous system engine,2021-05-18T00:36:39Z,17
130,systematic,Devolved dedicated application,2021-10-09T21:57:10Z,59
131,methodology,Business-focused exuding strategy,2021-06-13T01:26:02Z,11
132,Switchable,Reduced dynamic architecture,2021-05-28T10:25:55Z,16
133,open system,Right-sized didactic framework,2022-01-07T03:55:24Z,16
134,interface,Operative modular concept,2021-11-14T14:31:27Z,90
135,Exclusive,Innovative cohesive open system,2021-08-05T04:10:14Z,63
136,logistical,Fundamental 24 hour utilisation,2022-01-17T15:05:04Z,59
137,protocol,Future-proofed explicit interface,2022-03-06T17:07:56Z,90
138,homogeneous,Synchronised high-level alliance,2021-09-20T07:30:20Z,100
139,parallelism,Compatible executive website,2022-03-07T19:18:14Z,84
140,fresh-thinking,Customer-focused needs-based capability,2021-07-05T22:03:50Z,47
141,analyzing,Triple-buffered asynchronous conglomeration,2021-09-12T01:19:45Z,31
142,global,Intuitive bandwidth-monitored methodology,2021-10-05T22:43:03Z,76
143,Open-source,Multi-layered encompassing policy,2022-02-23T00:00:36Z,83
144,grid-enabled,Multi-layered user-facing standardization,2022-01-10T20:20:56Z,24
145,Open-source,Compatible exuding flexibility,2021-06-16T04:22:36Z,8
146,Total,Public-key encompassing emulation,2021-10-15T02:35:23Z,50
147,executive,Optimized bottom-line system engine,2021-07-11T13:28:06Z,8
148,Graphical User Interface,Function-based directional architecture,2022-04-13T06:33:26Z,35
149,coherent,Centralized tertiary budgetary management,2021-07-26T15:39:13Z,13
150,synergy,Quality-focused mobile hardware,2021-08-12T01:00:37Z,86
151,adapter,Automated disintermediate knowledge user,2021-11-26T03:06:12Z,57
152,Open-architected,Operative optimal open system,2021-06-02T15:27:55Z,64
153,monitoring,Automated impactful architecture,2021-06-13T22:41:25Z,23
154,function,Fully-configurable dedicated intranet,2021-12-02T15:18:07Z,47
155,national,Multi-tiered mobile contingency,2021-08-11T14:31:47Z,44
156,24/7,Multi-layered methodical throughput,2021-09-18T07:24:03Z,63
157,hub,User-friendly full-range functionalities,2022-04-14T11:28:31Z,7
158,superstructure,Multi-lateral local portal,2022-03-12T06:22:37Z,47
159,Grass-roots,Expanded foreground support,2021-05-25T23:49:26Z,22
160,function,Grass-roots directional neural-net,2021-12-29T08:02:33Z,26
161,coherent,Implemented interactive algorithm,2021-08-28T04:20:25Z,97
162,structure,Mandatory context-sensitive standardization,2022-01-05T02:11:52Z,5
163,regional,Focused analyzing intranet,2021-10-16T19:21:22Z,47
164,impactful,Multi-channelled fault-tolerant interface,2022-01-05T16:21:57Z,35
165,Centralized,Networked composite capacity,2022-02-14T17:21:44Z,53
166,asynchronous,Devolved next generation core,2022-02-07T00:28:45Z,95
167,national,Advanced executive access,2021-12-31T03:31:46Z,74
168,multi-tasking,Object-based intangible knowledge user,2022-02-24T07:02:46Z,33
169,solution,Distributed secondary collaboration,2021-08-28T15:26:16Z,82
170,Reduced,Robust real-time toolset,2021-08-30T05:47:02Z,6
171,Organized,Assimilated reciprocal paradigm,2021-07-18T15:24:15Z,38
172,infrastructure,Centralized cohesive application,2021-05-21T13:11:06Z,88
173,Public-key,Down-sized 4th generation encryption,2021-11-13T12:39:39Z,13
174,optimizing,Expanded modular utilisation,2021-11-21T05:25:39Z,12
175,complexity,Vision-oriented transitional standardization,2021-12-09T19:20:27Z,56
176,Grass-roots,Implemented stable toolset,2021-09-09T22:13:56Z,32
177,leading edge,Innovative homogeneous internet solution,2022-04-12T22:54:10Z,47
178,installation,Distributed methodical policy,2021-10-24T18:25:25Z,6
179,Automated,User-centric explicit time-frame,2021-08-10T07:17:42Z,38
180,Expanded,Reactive multi-tasking solution,2022-01-07T09:10:27Z,65
181,algorithm,Sharable impactful task-force,2021-06-14T05:51:07Z,19
182,task-force,De-engineered user-facing methodology,2021-09-24T13:57:34Z,73
183,contextually-based,Distributed optimal success,2021-06-18T16:43:28Z,72
184,well-modulated,Public-key impactful hierarchy,2021-06-26T15:31:09Z,77
185,contingency,Exclusive real-time moratorium,2021-12-17T03:36:26Z,9
186,optimizing,Optimized impactful function,2021-09-25T08:42:08Z,95
187,strategy,Open-architected multimedia data-warehouse,2022-02-13T09:36:54Z,40
188,incremental,Optimized modular structure,2021-05-26T19:49:56Z,61
189,methodology,Business-focused well-modulated budgetary management,2022-01-23T17:31:48Z,75
190,Vision-oriented,Automated well-modulated success,2022-03-17T13:26:52Z,98
191,24/7,Sharable 5th generation contingency,2022-05-14T08:22:35Z,14
192,firmware,Optional high-level pricing structure,2022-02-12T00:54:15Z,69
193,Organic,Future-proofed 4th generation matrices,2021-08-27T15:38:17Z,42
194,Mandatory,Upgradable national installation,2021-12-03T22:01:48Z,18
195,budgetary management,Persistent even-keeled definition,2022-01-22T17:59:25Z,48
196,info-mediaries,Down-sized radical time-frame,2021-12-27T18:28:40Z,46
197,portal,Triple-buffered stable neural-net,2021-11-06T02:33:26Z,93
198,Open-architected,Optimized zero administration task-force,2021-07-19T04:29:32Z,59
199,Graphical User Interface,Focused impactful portal,2021-11-29T15:20:47Z,79
200,Function-based,Multi-channelled well-modulated protocol,2021-08-06T05:37:53Z,51
201,needs-based,Cloned stable structure,2022-03-14T05:28:28Z,47
202,groupware,Customer-focused directional standardization,2021-09-27T22:02:11Z,72
203,next generation,Diverse 24 hour productivity,2021-09-17T02:52:00Z,31
204,client-driven,Object-based executive algorithm,2021-09-21T10:32:22Z,49
205,portal,Expanded eco-centric Graphic Interface,2021-09-10T06:06:39Z,10
206,5th generation,Switchable eco-centric leverage,2021-12-19T19:14:08Z,83
207,User-friendly,Mandatory optimal capacity,2022-02-02T02:25:32Z,3
208,uniform,Reverse-engineered content-based artificial intelligence,2021-05-26T08:25:19Z,29
209,mobile,Team-oriented optimizing time-frame,2022-03-01T12:12:10Z,63
210,Reduced,Ameliorated multi-tasking matrices,2021-11-20T12:40:14Z,1
211,discrete,Assimilated asymmetric parallelism,2021-08-30T21:48:38Z,42
212,circuit,Multi-tiered zero administration software,2021-11-09T06:03:15Z,84
213,superstructure,Business-focused real-time open architecture,2021-07-26T08:23:25Z,44
214,Switchable,Phased neutral open system,2022-04-14T14:26:45Z,47
215,success,User-friendly heuristic framework,2022-01-16T17:30:51Z,83
216,Versatile,Customizable multi-tasking system engine,2022-04-09T18:17:34Z,100
217,Customizable,Networked secondary contingency,2021-12-13T21:32:36Z,100
218,Versatile,Future-proofed zero administration policy,2022-04-05T21:24:56Z,15
219,Up-sized,Assimilated attitude-oriented function,2021-06-30T01:23:41Z,47
220,grid-enabled,Up-sized stable help-desk,2022-03-22T08:41:38Z,70
221,knowledge user,Assimilated 24 hour initiative,2022-03-01T05:13:05Z,83
222,exuding,Down-sized asynchronous framework,2022-03-18T10:56:57Z,26
223,composite,Devolved full-range Graphic Interface,2021-10-26T14:53:02Z,18
224,circuit,Enterprise-wide 3rd generation leverage,2021-06-07T14:53:45Z,37
225,Focused,User-friendly transitional matrix,2021-11-14T19:16:51Z,75
226,policy,Down-sized contextually-based Graphical User Interface,2022-04-10T15:56:35Z,82
227,Open-architected,Centralized didactic benchmark,2021-10-20T04:52:21Z,5
228,Managed,Triple-buffered 5th generation conglomeration,2022-01-18T05:10:18Z,61
229,Organic,Triple-buffered analyzing attitude,2021-10-09T08:57:23Z,51
230,object-oriented,Seamless fault-tolerant adapter,2022-02-26T01:26:07Z,13
231,contingency,Pre-emptive impactful process improvement,2021-11-15T08:21:12Z,21
232,Secured,Cross-group responsive productivity,2022-01-11T10:12:49Z,49
233,holistic,Right-sized eco-centric knowledge base,2021-10-02T08:56:48Z,30
234,Open-source,Visionary intangible extranet,2021-06-01T04:21:43Z,69
235,regional,Future-proofed incremental leverage,2022-04-18T14:53:49Z,55
236,encoding,Configurable holistic secured line,2021-08-08T00:29:59Z,7
237,conglomeration,Upgradable non-volatile success,2021-07-21T20:01:22Z,85
238,User-centric,Up-sized web-enabled encryption,2021-11-29T18:21:39Z,83
239,Operative,Phased tangible archive,2022-03-10T03:46:50Z,11
240,Phased,Re-contextualized asynchronous neural-net,2022-05-04T23:31:10Z,39
241,attitude-oriented,Open-architected 24 hour analyzer,2021-12-15T21:08:35Z,39
242,Virtual,Programmable maximized benchmark,2021-05-24T02:11:52Z,100
243,functionalities,Streamlined directional framework,2021-07-15T16:51:59Z,6
244,alliance,Pre-emptive bandwidth-monitored Graphic Interface,2021-10-10T13:48:42Z,41
245,Expanded,Focused user-facing open architecture,2022-01-09T02:58:16Z,6
246,knowledge base,Customer-focused client-server concept,2021-08-08T19:09:44Z,80
247,service-desk,Cross-group directional intranet,2022-01-02T03:57:50Z,16
248,budgetary management,Secured solution-oriented knowledge user,2022-02-10T09:11:06Z,37
249,bandwidth-monitored,Self-enabling zero defect concept,2021-09-17T19:51:45Z,21
250,5th generation,Versatile content-based task-force,2021-12-30T11:16:37Z,39
251,protocol,Cross-platform modular strategy,2021-09-06T09:32:16Z,96
252,interface,Reactive dynamic solution,2022-03-12T02:53:53Z,31
253,time-frame,Cross-group composite application,2022-05-10T11:31:51Z,93
254,actuating,Assimilated intermediate hub,2022-02-07T23:21:22Z,33
255,matrices,Persistent stable support,2022-02-03T05:50:24Z,51
256,hub,Stand-alone explicit throughput,2021-07-01T18:26:57Z,64
257,installation,Innovative 24 hour intranet,2022-04-17T05:52:55Z,65
258,hardware,Business-focused context-sensitive forecast,2021-07-07T15:28:38Z,62
259,Automated,Ergonomic didactic toolset,2021-10-18T20:35:56Z,91
260,matrix,Business-focused bandwidth-monitored pricing structure,2021-12-06T10:49:54Z,61
261,Mandatory,Re-engineered incremental migration,2021-08-14T13:23:57Z,7
262,discrete,Operative contextually-based local area network,2021-10-08T18:20:45Z,15
263,De-engineered,Triple-buffered transitional encryption,2021-11-03T11:02:57Z,9
264,Synergized,Compatible bottom-line success,2021-10-17T02:18:37Z,77
265,attitude-oriented,Open-source tangible contingency,2022-02-06T02:46:45Z,65
266,encryption,Exclusive value-added customer loyalty,2021-11-22T05:20:41Z,56
267,application,Open-architected interactive customer loyalty,2021-11-10T06:53:27Z,38
268,productivity,Phased heuristic knowledge base,2022-04-30T15:44:08Z,54
269,Versatile,Synergistic foreground function,2021-06-13T20:21:47Z,27
270,synergy,Fully-configurable radical installation,2021-11-21T02:05:42Z,72
271,Switchable,Stand-alone well-modulated Graphic Interface,2021-08-29T04:57:31Z,28
272,Pre-emptive,Organic asynchronous strategy,2021-09-25T22:04:10Z,2
273,frame,Streamlined bi-directional time-frame,2022-02-03T16:31:29Z,31
274,support,Right-sized contextually-based customer loyalty,2022-02-07T13:52:26Z,98
275,secondary,Reduced upward-trending customer loyalty,2022-01-07T23:40:36Z,99
276,leverage,Reactive mobile monitoring,2021-11-15T17:19:12Z,38
277,Switchable,Proactive logistical methodology,2021-09-20T07:38:25Z,52
278,product,Face to face empowering internet solution,2021-07-17T04:28:30Z,62
279,knowledge base,Customer-focused next generation time-frame,2021-10-15T07:56:58Z,50
280,Proactive,Implemented radical parallelism,2022-02-14T18:50:41Z,85
281,real-time,Robust didactic instruction set,2022-02-24T23:54:16Z,92
282,matrices,Quality-focused empowering adapter,2021-10-13T13:01:37Z,30
283,Cross-platform,Stand-alone demand-driven structure,2021-10-27T11:21:33Z,28
284,Ergonomic,Customer-focused homogeneous help-desk,2022-01-07T06:36:17Z,29
285,tangible,User-friendly heuristic productivity,2021-10-28T18:13:04Z,63
286,Polarised,Polarised multi-tasking standardization,2021-05-29T21:23:03Z,50
287,Grass-roots,Streamlined 24 hour benchmark,2021-09-17T13:43:16Z,77
288,paradigm,Upgradable client-driven portal,2021-09-21T04:48:04Z,52
289,Re-engineered,Centralized logistical toolset,2022-05-04T17:15:44Z,43
290,adapter,Devolved eco-centric help-desk,2022-02-02T04:13:08Z,3
291,contingency,Diverse tertiary customer loyalty,2021-11-14T02:40:59Z,86
292,Synergistic,De-engineered multi-state database,2022-03-24T05:47:41Z,24
293,help-desk,Cross-platform upward-trending protocol,2021-06-10T20:35:41Z,10
294,info-mediaries,Triple-buffered 5th generation projection,2022-01-04T22:11:15Z,72
295,toolset,Diverse executive encryption,2022-05-12T03:07:49Z,55
296,Managed,Down-sized solution-oriented knowledge user,2022-04-08T12:25:39Z,4
297,support,User-friendly mobile process improvement,2022-01-23T07:53:14Z,53
298,Graphic Interface,Customer-focused discrete implementation,2021-08-22T18:01:20Z,68
299,next generation,Function-based dedicated portal,2021-07-12T04:08:56Z,75
300,Reactive,Enterprise-wide directional methodology,2021-10-02T09:55:30Z,12
301,Re-contextualized,Re-engineered systematic service-desk,2022-03-12T13:12:57Z,67
302,toolset,Multi-tiered mission-critical knowledge base,2021-07-05T12:45:05Z,30
303,zero tolerance,Innovative non-volatile process improvement,2022-01-11T09:50:11Z,94
304,Pre-emptive,Realigned cohesive encoding,2022-03-02T15:55:02Z,90
305,clear-thinking,Grass-roots real-time ability,2022-02-22T06:21:28Z,13
306,open architecture,Mandatory logistical groupware,2021-12-11T20:25:27Z,77
307,benchmark,Reduced 3rd generation archive,2022-05-14T02:49:02Z,64
308,Cross-group,Virtual non-volatile standardization,2022-01-10T09:16:07Z,27
309,structure,Future-proofed logistical firmware,2022-02-08T22:31:43Z,77
310,coherent,Customizable disintermediate strategy,2021-07-15T12:26:15Z,71
311,intranet,Fundamental maximized complexity,2022-01-12T15:52:44Z,94
312,4th generation,Profit-focused interactive project,2021-07-15T04:11:26Z,23
313,holistic,Fully-configurable stable implementation,2021-07-05T13:53:35Z,96
314,needs-based,Pre-emptive systemic framework,2022-03-01T08:25:40Z,78
315,Reactive,Centralized 4th generation utilisation,2021-06-29T08:16:14Z,4
316,multi-tasking,Pre-emptive bandwidth-monitored Graphical User Interface,2022-01-23T04:10:36Z,39
317,hybrid,Assimilated intermediate matrix,2021-09-29T13:01:58Z,72
318,tangible,Optimized bi-directional interface,2022-02-27T06:47:33Z,4
319,function,Synchronised optimal implementation,2021-08-22T06:01:13Z,93
320,flexibility,Cross-group intangible local area network,2021-11-03T13:01:54Z,33
321,Optional,Multi-lateral foreground implementation,2022-04-08T08:41:51Z,49
322,hardware,Intuitive impactful application,2021-07-28T13:57:14Z,4
323,Cloned,Customer-focused attitude-oriented open architecture,2021-07-02T09:46:22Z,44
324,secondary,Stand-alone grid-enabled matrices,2021-12-19T18:20:26Z,26
325,24 hour,Business-focused composite internet solution,2022-04-06T18:43:55Z,86
326,intangible,Compatible eco-centric flexibility,2022-02-09T11:51:33Z,47
327,system-worthy,Re-contextualized 24/7 Graphical User Interface,2021-08-16T23:53:02Z,32
328,methodology,Ameliorated 3rd generation website,2022-05-10T23:49:43Z,96
329,radical,Re-engineered actuating portal,2022-04-18T02:15:47Z,98
330,stable,Exclusive disintermediate challenge,2021-08-05T09:23:49Z,58
331,executive,Expanded asymmetric protocol,2021-05-22T06:52:28Z,35
332,middleware,Customer-focused client-driven capability,2021-08-26T17:20:39Z,46
333,matrix,Object-based national frame,2021-08-03T07:24:33Z,94
334,radical,Phased system-worthy complexity,2021-12-20T04:45:04Z,54
335,capacity,Intuitive solution-oriented strategy,2021-12-28T15:43:39Z,76
336,challenge,Programmable secondary project,2021-05-23T08:05:20Z,68
337,Robust,Automated attitude-oriented portal,2021-10-25T21:15:15Z,50
338,Seamless,Innovative radical functionalities,2021-06-08T14:55:11Z,85
339,neutral,Optimized modular challenge,2021-07-12T16:57:49Z,51
340,maximized,Upgradable bifurcated hardware,2022-03-19T11:18:30Z,74
341,actuating,Distributed fresh-thinking complexity,2022-04-06T22:16:02Z,78
342,Self-enabling,Self-enabling composite attitude,2021-08-18T14:05:09Z,8
343,orchestration,Organized discrete toolset,2022-01-14T06:35:44Z,9
344,extranet,Sharable uniform neural-net,2022-03-10T05:15:35Z,97
345,hybrid,Robust intangible monitoring,2022-04-03T02:25:29Z,46
346,Reduced,Synergized impactful ability,2022-04-01T18:49:35Z,37
347,Stand-alone,Realigned 6th generation ability,2021-10-19T10:56:20Z,57
348,Re-contextualized,Configurable coherent core,2021-08-01T07:00:49Z,90
349,core,Enterprise-wide global intranet,2021-09-24T08:20:38Z,68
350,Function-based,Devolved modular local area network,2021-06-18T14:36:56Z,90
351,conglomeration,Balanced solution-oriented groupware,2021-11-06T19:54:11Z,98
352,optimizing,Enhanced multi-tasking initiative,2021-06-17T07:40:38Z,45
353,Balanced,Horizontal even-keeled website,2021-12-07T18:27:57Z,57
354,Cross-group,Enterprise-wide client-driven software,2022-03-31T16:49:11Z,68
355,Robust,Multi-tiered scalable access,2021-11-30T15:37:05Z,85
356,multi-state,Balanced multi-state firmware,2021-09-23T19:54:53Z,8
357,multi-state,Digitized value-added benchmark,2022-01-25T00:40:43Z,34
358,contextually-based,Integrated fault-tolerant core,2022-01-17T22:53:20Z,88
359,project,Configurable multi-state matrix,2021-09-14T22:38:59Z,25
360,monitoring,Ergonomic well-modulated hardware,2021-11-10T19:06:52Z,27
361,Stand-alone,Inverse object-oriented core,2021-10-16T03:34:05Z,74
362,ability,Object-based logistical infrastructure,2021-06-08T01:47:09Z,62
363,explicit,De-engineered regional contingency,2021-09-26T10:42:31Z,75
364,Visionary,Persevering discrete capacity,2021-06-14T08:40:39Z,25
365,Object-based,Profound attitude-oriented projection,2021-06-20T14:44:54Z,90
366,Horizontal,Switchable 5th generation paradigm,2021-06-10T14:36:38Z,44
367,framework,Future-proofed content-based data-warehouse,2021-12-25T13:12:32Z,8
368,focus group,Down-sized well-modulated attitude,2022-03-17T00:00:31Z,38
369,groupware,Cloned web-enabled hierarchy,2021-10-12T17:28:29Z,4
370,hierarchy,Multi-layered uniform info-mediaries,2022-03-03T17:59:43Z,22
371,coherent,Multi-layered solution-oriented solution,2021-06-15T11:20:35Z,6
372,motivating,Total homogeneous structure,2021-08-21T06:34:58Z,69
373,utilisation,Public-key grid-enabled help-desk,2021-06-23T08:55:54Z,14
374,Seamless,Profound optimal throughput,2021-10-01T05:31:36Z,93
375,approach,Pre-emptive non-volatile support,2021-09-08T15:11:39Z,95
376,Distributed,Implemented tangible attitude,2021-05-28T04:28:40Z,78
377,service-desk,Pre-emptive zero defect contingency,2022-01-25T20:46:27Z,16
378,Balanced,Profound optimizing portal,2021-07-08T23:30:32Z,55
379,upward-trending,Open-source disintermediate migration,2022-02-25T14:31:29Z,13
380,Secured,Triple-buffered regional synergy,2021-07-23T02:30:39Z,70
381,local area network,Focused web-enabled knowledge base,2021-12-26T13:20:51Z,44
382,strategy,Seamless object-oriented collaboration,2021-09-11T12:54:48Z,96
383,database,Upgradable non-volatile alliance,2021-08-28T02:05:09Z,1
384,circuit,Open-source leading edge collaboration,2022-05-06T21:51:49Z,74
385,Synergized,Up-sized encompassing application,2021-10-18T09:08:38Z,35
386,data-warehouse,Intuitive fault-tolerant model,2022-03-25T18:35:20Z,36
387,Advanced,Organized actuating moderator,2021-07-20T16:01:26Z,52
388,encompassing,Balanced didactic groupware,2021-12-02T03:44:35Z,51
389,radical,Ameliorated asymmetric structure,2021-12-27T18:31:06Z,55
390,explicit,Exclusive content-based matrices,2021-11-25T13:16:30Z,4
391,product,Polarised empowering local area network,2021-07-07T12:58:21Z,91
392,tertiary,Total system-worthy paradigm,2021-12-05T13:32:44Z,89
393,neutral,Digitized fresh-thinking circuit,2021-12-28T13:19:07Z,79
394,installation,Function-based holistic emulation,2022-03-26T15:29:17Z,39
395,asymmetric,Team-oriented full-range moderator,2021-05-23T13:57:10Z,95
396,customer loyalty,Reverse-engineered didactic extranet,2021-11-29T21:06:56Z,78
397,asymmetric,Function-based homogeneous implementation,2021-06-16T04:46:09Z,54
398,human-resource,Virtual static software,2021-09-03T03:18:30Z,82
399,directional,User-friendly reciprocal archive,2021-09-09T05:56:44Z,22
400,function,Polarised 24/7 collaboration,2021-09-15T13:56:14Z,32
401,budgetary management,Optimized responsive benchmark,2022-01-21T15:43:47Z,32
402,User-friendly,Pre-emptive mission-critical synergy,2021-07-03T13:33:30Z,56
403,service-desk,Versatile coherent encryption,2021-10-26T23:34:16Z,99
404,service-desk,Diverse static encryption,2021-06-09T00:49:26Z,94
405,open system,Exclusive modular implementation,2021-10-28T01:13:58Z,54
406,definition,Multi-layered contextually-based Graphical User Interface,2021-07-13T16:01:01Z,54
407,contextually-based,Compatible neutral leverage,2022-01-08T04:37:41Z,82
408,data-warehouse,User-friendly encompassing projection,2022-02-19T07:31:16Z,8
409,task-force,User-friendly directional success,2021-07-08T08:33:44Z,26
410,tangible,Open-source coherent success,2021-09-07T20:14:40Z,2
411,Fundamental,Horizontal multimedia focus group,2021-10-31T11:04:32Z,73
412,customer loyalty,Open-architected 5th generation architecture,2021-06-27T08:16:38Z,10
413,Inverse,Integrated needs-based data-warehouse,2022-01-14T09:34:42Z,41
414,customer loyalty,Cross-group background methodology,2021-11-17T01:48:25Z,26
415,bifurcated,Synergistic multi-state knowledge user,2021-08-08T07:21:42Z,19
416,alliance,Public-key 5th generation neural-net,2022-01-09T02:57:14Z,91
417,discrete,Cloned secondary standardization,2021-05-22T00:12:23Z,86
418,optimizing,Centralized holistic capacity,2022-03-14T11:14:23Z,89
419,standardization,Extended 4th generation utilisation,2022-04-03T08:26:35Z,51
420,application,Synergistic multi-tasking complexity,2021-05-23T23:03:35Z,9
421,forecast,Switchable fault-tolerant software,2022-02-06T19:18:44Z,98
422,motivating,User-friendly radical circuit,2021-09-26T06:47:26Z,94
423,Programmable,Universal methodical toolset,2021-06-04T08:23:46Z,6
424,paradigm,Innovative optimal protocol,2022-05-07T11:39:34Z,67
425,multi-tasking,De-engineered empowering infrastructure,2021-05-28T18:32:56Z,51
426,regional,Up-sized optimizing initiative,2022-03-18T16:34:14Z,79
427,Multi-lateral,Extended stable product,2021-08-19T09:05:20Z,65
428,Reduced,Programmable transitional moderator,2021-10-31T07:18:32Z,41
429,motivating,Persevering coherent Graphical User Interface,2021-12-30T03:03:46Z,51
430,leading edge,Automated actuating knowledge user,2021-09-21T23:59:22Z,25
431,24/7,Open-architected scalable open system,2021-10-14T12:17:59Z,71
432,24/7,Devolved needs-based throughput,2021-10-05T13:36:33Z,14
433,zero administration,Switchable executive Graphic Interface,2021-05-20T20:15:26Z,49
434,moderator,Intuitive dynamic info-mediaries,2021-07-08T02:04:05Z,77
435,Operative,Synergistic interactive Graphical User Interface,2021-10-18T05:38:22Z,6
436,info-mediaries,Automated non-volatile hierarchy,2022-02-13T13:28:10Z,3
437,Managed,Profit-focused tangible monitoring,2022-04-25T12:07:00Z,35
438,pricing structure,Reverse-engineered dynamic moderator,2022-05-08T10:20:07Z,2
439,Multi-lateral,Reactive hybrid help-desk,2022-03-11T11:21:26Z,16
440,synergy,Realigned web-enabled concept,2021-12-05T02:10:31Z,22
441,User-centric,Face to face content-based encoding,2021-08-19T15:59:22Z,12
442,success,Balanced radical projection,2021-07-23T19:08:57Z,39
443,Multi-layered,Cross-group intermediate core,2022-01-26T13:57:19Z,1
444,Synergistic,Mandatory background Graphical User Interface,2021-12-09T13:02:26Z,95
445,object-oriented,Re-contextualized reciprocal capacity,2021-08-12T23:59:05Z,81
446,orchestration,Proactive high-level local area network,2021-10-28T13:20:36Z,27
447,policy,Multi-tiered actuating leverage,2021-06-17T01:34:54Z,67
448,Versatile,Extended homogeneous moderator,2021-07-29T12:56:19Z,46
449,local,Enterprise-wide bi-directional groupware,2022-01-08T12:55:30Z,35
450,Graphical User Interface,Enterprise-wide clear-thinking concept,2021-08-20T01:09:11Z,68
451,incremental,Intuitive radical Graphic Interface,2021-10-22T19:16:39Z,22
452,neutral,Inverse demand-driven hub,2021-09-10T21:31:55Z,20
453,24/7,Cross-platform optimizing application,2022-02-01T10:02:19Z,9
454,installation,Phased asymmetric secured line,2021-08-28T08:50:33Z,67
455,Focused,Public-key scalable installation,2022-03-02T20:42:21Z,65
456,Sharable,Face to face full-range superstructure,2021-11-03T03:45:34Z,45
457,secured line,Synchronised methodical intranet,2022-05-09T08:47:57Z,5
458,utilisation,Automated high-level attitude,2022-03-17T07:28:22Z,8
459,conglomeration,Optional systematic artificial intelligence,2021-10-27T04:03:39Z,53
460,next generation,Enterprise-wide static software,2022-03-24T03:09:10Z,83
461,Reduced,Virtual solution-oriented core,2021-05-24T01:03:53Z,55
462,mission-critical,Switchable global toolset,2022-01-06T10:41:56Z,9
463,optimal,Configurable systemic analyzer,2022-04-01T21:03:31Z,10
464,Compatible,Cloned upward-trending system engine,2021-12-23T01:12:02Z,100
465,solution,Compatible radical function,2021-09-10T01:57:45Z,40
466,bifurcated,Virtual full-range methodology,2021-07-13T06:14:35Z,10
467,multimedia,Managed bifurcated hardware,2021-06-21T12:37:48Z,11
468,empowering,Focused explicit support,2021-08-19T09:33:10Z,98
469,customer loyalty,Optional tertiary leverage,2022-01-06T01:35:14Z,44
470,Graphical User Interface,De-engineered analyzing installation,2022-01-06T08:05:09Z,94
471,User-friendly,Cross-group heuristic website,2021-08-26T06:12:22Z,32
472,neural-net,Customizable secondary support,2021-12-06T07:46:34Z,90
473,client-driven,De-engineered methodical intranet,2021-07-29T13:48:16Z,91
474,website,Profound non-volatile budgetary management,2021-08-06T09:12:18Z,47
475,toolset,Open-architected uniform benchmark,2021-09-07T01:03:11Z,32
476,functionalities,Ameliorated fresh-thinking circuit,2021-06-20T11:55:56Z,15
477,core,Compatible solution-oriented artificial intelligence,2022-04-09T03:54:45Z,41
478,Intuitive,Virtual bandwidth-monitored flexibility,2021-06-09T20:27:19Z,31
479,actuating,Devolved demand-driven model,2021-10-26T13:05:49Z,96
480,database,Decentralized background pricing structure,2021-09-10T05:57:42Z,83
481,open system,Synergized empowering functionalities,2022-05-08T15:16:37Z,47
482,benchmark,Inverse even-keeled process improvement,2021-08-03T03:41:31Z,95
483,migration,Reactive incremental website,2021-05-23T21:10:51Z,83
484,Exclusive,Function-based tertiary customer loyalty,2022-01-24T05:29:55Z,10
485,Object-based,Intuitive analyzing hardware,2021-12-11T04:16:21Z,81
486,uniform,Down-sized solution-oriented time-frame,2021-05-23T18:02:38Z,27
487,discrete,Stand-alone eco-centric toolset,2021-12-02T16:26:15Z,99
488,Extended,Quality-focused heuristic open architecture,2021-12-27T21:32:19Z,67
489,heuristic,Customizable national migration,2021-08-15T18:07:41Z,34
490,concept,Networked well-modulated moratorium,2022-03-05T21:08:35Z,36
491,transitional,Sharable value-added orchestration,2022-05-11T00:47:12Z,51
492,composite,De-engineered coherent alliance,2021-10-30T05:20:17Z,18
493,systemic,Multi-channelled directional groupware,2021-08-25T09:55:45Z,58
494,value-added,Configurable empowering time-frame,2021-06-26T09:24:18Z,87
495,context-sensitive,Switchable eco-centric artificial intelligence,2021-11-17T20:33:26Z,74
496,full-range,Synergized zero tolerance customer loyalty,2022-03-29T21:53:57Z,2
497,middleware,Multi-tiered solution-oriented frame,2021-08-27T00:07:09Z,62
498,productivity,Implemented reciprocal contingency,2022-04-23T20:21:01Z,56
499,Realigned,Streamlined radical encoding,2022-02-08T21:10:37Z,86
500,methodical,Object-based homogeneous encryption,2021-06-29T07:39:05Z,24
501,open system,Adaptive optimal open architecture,2022-03-02T16:18:35Z,15
502,firmware,Enterprise-wide user-facing initiative,2021-10-29T18:44:10Z,66
503,Business-focused,Inverse stable budgetary management,2021-12-11T08:19:17Z,12
504,open architecture,Stand-alone radical policy,2021-10-09T05:29:32Z,17
505,Quality-focused,Persistent intangible interface,2021-09-28T21:46:31Z,11
506,intangible,Optimized intangible encoding,2021-11-16T06:49:16Z,76
507,global,Reduced clear-thinking complexity,2022-02-18T16:15:31Z,100
508,capability,Integrated mobile encoding,2021-06-16T07:38:59Z,88
509,infrastructure,Proactive bifurcated groupware,2021-12-10T09:20:38Z,57
510,pricing structure,Down-sized non-volatile architecture,2022-04-11T18:52:57Z,26
511,local,Quality-focused zero administration solution,2022-05-12T10:37:12Z,64
512,encoding,Sharable 4th generation data-warehouse,2021-11-05T20:57:49Z,56
513,explicit,Total non-volatile help-desk,2021-12-07T00:13:25Z,94
514,superstructure,Fully-configurable responsive solution,2022-01-31T20:49:03Z,50
515,client-driven,Re-contextualized demand-driven definition,2022-04-21T06:58:46Z,27
516,software,Stand-alone background Graphic Interface,2021-11-09T23:25:48Z,88
517,clear-thinking,De-engineered 24 hour utilisation,2022-01-10T06:28:35Z,29
518,Innovative,Adaptive intermediate software,2021-06-06T13:56:21Z,92
519,open architecture,Enterprise-wide optimizing installation,2021-10-28T10:42:23Z,73
520,fault-tolerant,Public-key empowering encryption,2022-01-15T05:11:27Z,14
521,User-centric,Team-oriented coherent benchmark,2021-06-27T08:47:32Z,37
522,complexity,Optimized impactful conglomeration,2021-12-09T13:34:57Z,13
523,Customer-focused,Right-sized full-range instruction set,2022-02-18T18:36:12Z,43
524,intranet,Quality-focused tertiary info-mediaries,2021-06-15T09:49:32Z,75
525,superstructure,Enterprise-wide didactic benchmark,2021-08-24T19:49:46Z,97
526,core,Quality-focused reciprocal function,2021-07-05T04:47:07Z,20
527,mission-critical,Optimized zero tolerance collaboration,2022-02-01T23:39:28Z,54
528,Re-engineered,Monitored bottom-line portal,2022-05-14T02:39:27Z,97
529,optimal,Intuitive web-enabled superstructure,2022-02-09T04:30:43Z,28
530,array,Face to face intangible utilisation,2022-03-17T12:33:06Z,52
531,dynamic,Proactive impactful website,2021-09-25T12:31:52Z,55
532,Exclusive,Proactive holistic implementation,2021-10-30T04:31:53Z,80
533,toolset,Upgradable intermediate parallelism,2022-01-28T15:16:04Z,55
534,Synergistic,Robust systematic toolset,2022-03-04T09:13:12Z,31
535,Intuitive,Realigned reciprocal parallelism,2021-07-08T07:10:02Z,50
536,holistic,Enterprise-wide impactful application,2021-10-15T10:56:49Z,69
537,utilisation,User-friendly impactful hardware,2022-01-01T18:42:00Z,38
538,Reverse-engineered,Triple-buffered actuating interface,2021-08-31T00:00:48Z,25
539,tertiary,Multi-channelled mission-critical moderator,2021-06-19T03:17:29Z,88
540,fault-tolerant,Persevering context-sensitive emulation,2022-01-30T00:00:38Z,78
541,optimal,Visionary dedicated benchmark,2021-07-17T15:14:44Z,75
542,disintermediate,Quality-focused methodical adapter,2021-08-07T17:19:01Z,85
543,adapter,Business-focused directional migration,2022-03-24T18:33:28Z,76
544,toolset,Vision-oriented intangible leverage,2021-12-29T10:41:14Z,81
545,Business-focused,User-friendly human-resource methodology,2022-04-03T01:28:25Z,78
546,Graphic Interface,Future-proofed exuding conglomeration,2021-11-01T05:12:34Z,27
547,zero tolerance,Reactive incremental extranet,2022-03-31T01:04:32Z,97
548,policy,Profound zero administration superstructure,2021-12-18T23:40:08Z,99
549,Devolved,Centralized interactive flexibility,2021-12-10T01:03:12Z,100
550,next generation,Intuitive methodical concept,2022-05-04T21:17:29Z,85
551,empowering,Virtual contextually-based implementation,2022-04-04T16:24:05Z,75
552,Balanced,Phased value-added matrix,2022-04-29T06:54:45Z,42
553,Expanded,Universal cohesive paradigm,2022-02-12T07:19:09Z,66
554,hub,Switchable human-resource capacity,2022-02-01T10:39:21Z,85
555,context-sensitive,Reduced bandwidth-monitored parallelism,2021-08-03T13:18:03Z,13
556,help-desk,Quality-focused next generation attitude,2022-03-23T04:51:21Z,30
557,Vision-oriented,Inverse motivating orchestration,2021-10-21T16:49:24Z,92
558,Horizontal,Profound clear-thinking service-desk,2021-10-11T12:19:01Z,36
559,monitoring,Phased local hardware,2022-04-18T16:58:27Z,38
560,capacity,Extended real-time approach,2021-09-21T17:43:10Z,64
561,implementation,Grass-roots composite customer loyalty,2021-12-19T06:20:39Z,86
562,value-added,Organic 4th generation extranet,2022-01-29T01:00:55Z,37
563,Optional,Universal composite local area network,2022-02-12T05:37:03Z,76
564,synergy,Customizable human-resource flexibility,2022-04-29T05:34:15Z,76
565,moratorium,Extended demand-driven forecast,2021-10-13T08:31:27Z,29
566,optimizing,Optional logistical matrices,2021-07-20T09:35:04Z,48
567,installation,Object-based tangible website,2021-11-07T03:46:08Z,84
568,focus group,Re-engineered contextually-based monitoring,2021-08-20T13:04:47Z,65
569,systemic,Front-line high-level monitoring,2022-03-26T03:51:25Z,54
570,Mandatory,Customizable well-modulated complexity,2022-01-10T13:47:59Z,3
571,Profit-focused,Exclusive even-keeled hardware,2021-08-18T11:14:46Z,94
572,Compatible,Future-proofed logistical groupware,2021-07-17T15:17:40Z,27
573,tangible,Profit-focused high-level installation,2021-07-27T01:16:22Z,63
574,instruction set,Right-sized mission-critical neural-net,2021-07-08T09:59:08Z,50
575,radical,Visionary high-level service-desk,2021-10-02T08:49:12Z,26
576,support,Realigned client-driven challenge,2021-11-18T19:21:20Z,25
577,projection,Visionary transitional alliance,2022-01-17T09:40:41Z,47
578,ability,Versatile multi-state parallelism,2021-12-24T04:06:05Z,30
579,productivity,Synchronised zero tolerance ability,2021-12-11T17:35:01Z,76
580,6th generation,Intuitive modular moratorium,2021-12-19T06:04:00Z,98
581,Upgradable,Innovative mobile Graphic Interface,2022-01-17T19:21:27Z,2
582,zero defect,Versatile modular protocol,2021-05-26T05:48:00Z,18
583,projection,Right-sized didactic capacity,2021-09-09T14:06:01Z,19
584,task-force,Synergized zero defect time-frame,2022-03-30T10:33:59Z,28
585,middleware,User-friendly fault-tolerant Graphic Interface,2022-02-11T18:45:54Z,68
586,Business-focused,Pre-emptive bandwidth-monitored solution,2022-03-07T17:58:15Z,53
587,neutral,Realigned coherent contingency,2021-09-02T03:41:32Z,49
588,client-driven,Business-focused human-resource moderator,2022-01-31T02:36:54Z,40
589,Expanded,Object-based fresh-thinking infrastructure,2021-07-10T14:01:42Z,40
590,application,Mandatory user-facing data-warehouse,2021-06-04T02:00:02Z,69
591,circuit,Grass-roots stable migration,2022-01-15T04:37:51Z,16
592,attitude,Cross-platform local throughput,2021-10-25T00:56:42Z,11
593,intermediate,Reactive fresh-thinking toolset,2021-11-19T11:44:26Z,41
594,Horizontal,Diverse high-level paradigm,2022-03-30T04:21:16Z,61
595,mobile,Secured client-server superstructure,2021-07-13T11:36:51Z,43
596,3rd generation,Stand-alone static pricing structure,2022-01-11T10:56:37Z,16
597,instruction set,Persevering asymmetric hub,2021-11-07T15:09:41Z,46
598,Programmable,Mandatory multi-tasking website,2022-04-06T15:52:21Z,74
599,explicit,Stand-alone foreground alliance,2021-05-29T04:47:28Z,10
600,firmware,Horizontal optimal budgetary management,2021-12-08T05:56:07Z,15
601,neural-net,Face to face zero administration approach,2021-07-09T19:45:02Z,19
602,architecture,Function-based disintermediate focus group,2021-08-02T04:49:39Z,97
603,migration,Robust systematic moratorium,2022-02-03T12:25:50Z,97
604,analyzer,Configurable value-added synergy,2022-01-21T03:50:27Z,26
605,cohesive,Synergistic contextually-based approach,2021-08-15T23:04:57Z,35
606,Open-source,Cross-group upward-trending matrices,2021-12-31T04:58:08Z,84
607,Profit-focused,Multi-tiered attitude-oriented customer loyalty,2021-12-16T11:11:09Z,58
608,fresh-thinking,Robust user-facing emulation,2021-08-07T08:38:25Z,20
609,zero administration,Multi-tiered 6th generation moderator,2022-01-05T05:17:34Z,16
610,composite,Monitored coherent open architecture,2022-05-10T12:57:37Z,7
611,Enterprise-wide,Integrated solution-oriented installation,2021-09-01T22:09:22Z,34
612,functionalities,Mandatory radical application,2022-02-10T21:14:05Z,88
613,Adaptive,De-engineered holistic access,2022-04-19T15:25:25Z,68
614,Expanded,Digitized executive archive,2022-05-13T11:35:33Z,76
615,matrix,Customer-focused responsive project,2021-12-21T06:57:30Z,21
616,time-frame,Optional demand-driven complexity,2021-09-02T13:54:21Z,70
617,leading edge,Team-oriented discrete circuit,2022-02-19T07:09:33Z,17
618,functionalities,Ergonomic coherent definition,2022-05-13T21:28:19Z,89
619,Realigned,Grass-roots system-worthy capability,2022-02-10T02:40:43Z,59
620,Integrated,Centralized incremental moratorium,2021-10-07T07:55:43Z,96
621,extranet,Streamlined client-driven Graphic Interface,2021-11-20T22:03:42Z,34
622,Implemented,Business-focused stable extranet,2022-02-07T15:03:23Z,81
623,Phased,Optional static policy,2021-05-21T04:00:11Z,41
624,User-centric,User-centric non-volatile neural-net,2022-05-17T15:26:53Z,86
625,modular,Expanded radical Graphical User Interface,2022-04-12T10:06:42Z,82
626,national,User-friendly coherent toolset,2021-07-09T10:23:45Z,82
627,global,Virtual well-modulated matrices,2022-01-07T03:08:07Z,66
628,heuristic,Function-based cohesive groupware,2022-02-13T03:03:13Z,41
629,6th generation,Reduced empowering superstructure,2022-01-18T09:56:52Z,95
630,Mandatory,Enhanced human-resource protocol,2021-10-18T08:25:37Z,62
631,Devolved,Persistent local superstructure,2021-07-22T11:24:03Z,54
632,demand-driven,Horizontal non-volatile moratorium,2021-08-15T08:06:35Z,98
633,Face to face,Seamless contextually-based firmware,2021-05-24T16:05:22Z,82
634,clear-thinking,Decentralized methodical knowledge user,2021-06-24T09:28:03Z,83
635,Multi-tiered,Organized actuating collaboration,2022-03-22T00:23:24Z,10
636,Universal,Fully-configurable eco-centric process improvement,2022-02-19T11:54:29Z,79
637,Balanced,Re-contextualized multi-state strategy,2022-04-03T11:53:28Z,58
638,application,Progressive needs-based pricing structure,2022-04-13T20:02:34Z,61
639,Automated,Ergonomic reciprocal moratorium,2021-09-26T08:37:54Z,92
640,budgetary management,Customer-focused 5th generation open system,2021-09-28T17:05:16Z,95
641,bandwidth-monitored,Automated leading edge functionalities,2021-12-26T08:58:04Z,65
642,Re-engineered,Diverse systemic matrix,2021-11-17T23:42:22Z,39
643,Exclusive,Visionary bifurcated solution,2021-09-21T07:05:28Z,6
644,24/7,Vision-oriented scalable orchestration,2021-12-04T03:30:16Z,5
645,Seamless,Robust optimal framework,2022-01-16T01:40:45Z,18
646,concept,Exclusive intermediate info-mediaries,2021-08-04T04:05:22Z,30
647,executive,Self-enabling multimedia functionalities,2022-03-25T14:46:14Z,46
648,Automated,Open-architected hybrid help-desk,2021-11-14T10:55:18Z,77
649,object-oriented,Expanded uniform standardization,2021-09-19T05:28:40Z,89
650,web-enabled,Decentralized transitional migration,2021-07-07T02:16:42Z,79
651,groupware,Synergistic systematic matrices,2022-05-07T22:41:27Z,72
652,multimedia,Down-sized well-modulated encryption,2022-03-28T02:54:20Z,63
653,interactive,Up-sized holistic throughput,2022-03-07T00:02:56Z,1
654,Right-sized,Devolved system-worthy application,2021-06-27T00:41:14Z,95
655,encoding,Persistent actuating capability,2021-10-05T05:38:46Z,86
656,archive,Future-proofed transitional open system,2022-01-27T21:37:07Z,56
657,systemic,Self-enabling cohesive info-mediaries,2021-12-22T10:15:53Z,30
658,application,Fully-configurable maximized analyzer,2022-03-06T04:55:00Z,37
659,Assimilated,Intuitive cohesive concept,2021-05-22T09:55:21Z,11
660,maximized,Advanced neutral database,2021-07-01T12:43:49Z,4
661,static,Cross-platform eco-centric conglomeration,2021-08-30T23:32:47Z,100
662,data-warehouse,Re-engineered didactic benchmark,2021-07-05T19:36:43Z,85
663,Distributed,Front-line bi-directional archive,2021-10-18T01:35:18Z,73
664,Grass-roots,Persistent regional open system,2021-08-19T06:45:07Z,36
665,Implemented,Decentralized actuating extranet,2021-12-30T11:25:16Z,96
666,3rd generation,Extended discrete project,2022-03-21T16:33:40Z,8
667,array,Inverse coherent internet solution,2021-11-20T06:47:37Z,21
668,Enhanced,Multi-lateral asymmetric extranet,2022-05-13T06:11:34Z,81
669,dynamic,Secured web-enabled collaboration,2021-09-06T03:20:44Z,81
670,Devolved,Sharable zero administration help-desk,2021-11-21T13:17:41Z,81
671,frame,Exclusive scalable protocol,2022-03-15T03:07:59Z,46
672,Operative,Diverse cohesive encryption,2022-01-24T09:13:37Z,58
673,system engine,User-friendly non-volatile instruction set,2021-10-24T06:04:07Z,7
674,knowledge user,Function-based homogeneous open architecture,2022-05-08T16:11:12Z,30
675,Quality-focused,Optional human-resource framework,2021-10-30T04:06:18Z,86
676,array,Optimized exuding migration,2021-10-23T13:23:25Z,26
677,Triple-buffered,Exclusive multimedia standardization,2022-05-16T15:38:45Z,85
678,Operative,User-friendly responsive capability,2022-03-20T21:27:47Z,34
679,implementation,Cross-group systemic monitoring,2021-12-04T17:34:55Z,35
680,dedicated,Focused explicit internet solution,2021-10-25T12:09:18Z,70
681,open system,Multi-lateral needs-based implementation,2022-02-27T22:55:53Z,32
682,Vision-oriented,Enterprise-wide foreground workforce,2021-09-22T21:32:08Z,24
683,Digitized,Expanded next generation info-mediaries,2021-06-13T10:53:23Z,39
684,User-friendly,Up-sized analyzing capacity,2022-05-01T00:16:09Z,3
685,moderator,Centralized fault-tolerant capability,2021-11-04T00:58:10Z,6
686,holistic,Quality-focused zero defect extranet,2021-12-31T04:17:27Z,68
687,Universal,De-engineered analyzing interface,2022-02-07T19:33:01Z,85
688,leverage,Proactive static internet solution,2022-02-19T04:45:08Z,83
689,Expanded,Enhanced zero administration paradigm,2022-01-12T04:30:09Z,43
690,internet solution,Vision-oriented transitional parallelism,2021-10-02T01:39:28Z,71
691,regional,Persevering actuating synergy,2021-06-26T09:56:44Z,100
692,application,Compatible neutral open system,2022-05-10T17:09:19Z,32
693,emulation,Front-line 4th generation superstructure,2021-09-06T22:06:01Z,96
694,capacity,Enterprise-wide 4th generation frame,2021-12-02T02:11:18Z,19
695,demand-driven,Advanced scalable open architecture,2022-03-12T01:13:10Z,2
696,dynamic,Polarised foreground monitoring,2022-01-01T11:35:40Z,62
697,policy,Secured eco-centric hierarchy,2022-02-10T19:57:48Z,90
698,methodology,Integrated web-enabled focus group,2021-12-07T07:56:21Z,91
699,motivating,Phased needs-based Graphical User Interface,2021-12-23T07:43:10Z,55
700,mobile,Virtual 4th generation system engine,2021-10-22T01:56:29Z,10
701,next generation,Advanced regional emulation,2022-01-12T04:31:52Z,37
702,client-driven,Face to face cohesive hardware,2021-08-01T18:14:55Z,54
703,clear-thinking,Balanced secondary array,2022-04-24T18:26:21Z,82
704,application,Re-contextualized context-sensitive encryption,2021-06-24T16:20:28Z,63
705,synergy,Upgradable 24 hour support,2021-11-25T21:43:20Z,18
706,workforce,Exclusive logistical moderator,2022-04-05T09:20:18Z,26
707,Fundamental,Synergistic analyzing capacity,2022-02-04T03:32:23Z,5
708,Triple-buffered,Cloned 6th generation workforce,2021-09-16T16:16:49Z,46
709,bandwidth-monitored,Open-source executive encryption,2022-01-08T05:54:57Z,27
710,Organized,Persevering foreground infrastructure,2021-06-02T21:56:03Z,82
711,solution,Vision-oriented national middleware,2022-02-09T13:02:31Z,22
712,Grass-roots,Up-sized local emulation,2021-12-10T17:11:48Z,78
713,hub,Multi-tiered background standardization,2021-11-03T11:19:13Z,89
714,dedicated,Synergized client-server complexity,2021-06-01T16:02:44Z,78
715,internet solution,Cross-platform upward-trending task-force,2021-10-21T03:01:52Z,27
716,matrix,Re-contextualized bi-directional hierarchy,2021-09-03T00:43:46Z,98
717,definition,Open-source zero defect knowledge user,2021-10-08T19:16:45Z,36
718,analyzer,Public-key logistical groupware,2021-05-27T16:31:16Z,92
719,array,Exclusive 24 hour website,2022-01-18T01:28:19Z,65
720,flexibility,Up-sized coherent protocol,2021-07-04T06:19:40Z,91
721,architecture,Programmable background structure,2022-02-26T10:36:41Z,21
722,Enterprise-wide,Configurable scalable interface,2021-07-30T07:18:55Z,75
723,high-level,Pre-emptive analyzing software,2021-05-23T00:49:31Z,66
724,info-mediaries,Upgradable value-added throughput,2022-01-23T16:32:28Z,100
725,Adaptive,User-centric explicit data-warehouse,2021-12-09T06:15:36Z,70
726,Mandatory,Organized local instruction set,2021-12-06T03:28:40Z,15
727,Versatile,Implemented bottom-line protocol,2022-04-30T07:12:57Z,52
728,clear-thinking,Advanced explicit emulation,2021-06-15T10:52:44Z,81
729,structure,Cross-group secondary function,2021-11-17T03:24:59Z,51
730,Future-proofed,Seamless actuating strategy,2021-12-28T23:09:57Z,24
731,Graphic Interface,Mandatory attitude-oriented solution,2022-01-22T03:14:57Z,79
732,instruction set,Virtual responsive functionalities,2021-07-07T15:54:41Z,18
733,paradigm,User-friendly mobile collaboration,2022-02-18T19:59:46Z,59
734,zero administration,Innovative next generation website,2021-08-23T14:05:23Z,95
735,adapter,Advanced bi-directional internet solution,2021-07-16T16:35:00Z,3
736,client-driven,Ameliorated optimal service-desk,2022-04-10T21:11:51Z,49
737,portal,Managed coherent task-force,2021-06-20T17:58:50Z,5
738,instruction set,Upgradable explicit portal,2021-08-21T03:31:09Z,80
739,Universal,Balanced multi-state secured line,2021-09-15T02:39:33Z,35
740,concept,Monitored optimal archive,2021-12-02T23:18:05Z,83
741,Phased,Automated radical superstructure,2022-05-07T04:00:18Z,3
742,Operative,Organized homogeneous analyzer,2022-03-10T00:12:37Z,80
743,complexity,Persevering optimal leverage,2022-01-15T17:02:15Z,50
744,5th generation,Compatible regional neural-net,2022-01-25T16:51:46Z,6
745,installation,Organized zero administration service-desk,2022-02-24T22:45:55Z,68
746,Mandatory,Object-based high-level groupware,2021-11-01T09:03:19Z,87
747,Synergized,Fundamental explicit success,2021-07-07T04:55:15Z,72
748,Realigned,Fully-configurable composite throughput,2021-11-24T03:31:10Z,83
749,encompassing,Intuitive upward-trending conglomeration,2021-06-22T10:17:38Z,32
750,Exclusive,Implemented multimedia matrices,2022-01-15T17:06:16Z,58
751,capacity,Re-contextualized tangible product,2022-02-07T21:53:01Z,65
752,Upgradable,Mandatory bifurcated archive,2021-08-31T07:03:15Z,55
753,Integrated,Persistent non-volatile throughput,2021-06-25T05:48:04Z,99
754,Upgradable,Optional even-keeled adapter,2021-10-03T03:08:11Z,69
755,Diverse,Down-sized logistical hierarchy,2021-10-25T11:04:52Z,96
756,productivity,Customer-focused human-resource application,2022-04-27T00:44:45Z,16
757,protocol,Multi-channelled cohesive support,2021-12-08T13:40:27Z,70
758,Organic,Vision-oriented asynchronous synergy,2021-10-03T21:53:58Z,89
759,modular,User-friendly exuding algorithm,2022-04-08T02:37:59Z,71
760,Centralized,Cloned methodical toolset,2022-03-17T12:45:56Z,49
761,content-based,Synchronised interactive parallelism,2022-04-13T15:19:11Z,21
762,interface,Realigned upward-trending orchestration,2021-06-21T13:29:01Z,96
763,needs-based,Sharable human-resource moratorium,2021-09-15T18:24:13Z,31
764,optimizing,Assimilated disintermediate process improvement,2022-05-08T04:16:10Z,33
765,tertiary,Pre-emptive cohesive adapter,2022-03-12T05:49:17Z,79
766,Team-oriented,Organized optimizing Graphical User Interface,2021-06-28T15:55:12Z,17
767,radical,Customer-focused grid-enabled application,2022-02-10T23:20:04Z,7
768,web-enabled,Focused homogeneous emulation,2022-02-16T21:52:32Z,94
769,groupware,Versatile zero administration model,2022-05-02T02:05:56Z,41
770,De-engineered,Universal context-sensitive groupware,2021-06-29T09:52:55Z,36
771,knowledge user,Self-enabling optimal groupware,2022-02-14T16:49:23Z,94
772,implementation,Organized systematic customer loyalty,2021-08-03T03:53:49Z,52
773,Customizable,Business-focused well-modulated knowledge user,2022-04-18T20:23:14Z,81
774,encryption,Face to face analyzing portal,2021-10-26T14:09:52Z,63
775,5th generation,Triple-buffered directional groupware,2021-10-02T23:55:58Z,5
776,grid-enabled,Synergistic system-worthy ability,2021-09-09T11:39:02Z,1
777,zero tolerance,Open-architected motivating time-frame,2021-10-14T02:59:29Z,66
778,Stand-alone,Optional fault-tolerant concept,2021-06-21T04:57:41Z,67
779,Open-architected,Implemented tertiary neural-net,2021-10-10T10:52:04Z,67
780,hybrid,Exclusive client-server knowledge user,2022-02-05T14:28:58Z,95
781,Digitized,Sharable human-resource analyzer,2021-09-01T11:19:00Z,14
782,Monitored,Object-based interactive analyzer,2021-09-18T07:24:08Z,77
783,contextually-based,Pre-emptive clear-thinking strategy,2021-12-28T08:35:16Z,20
784,capability,Expanded didactic paradigm,2021-11-01T17:53:00Z,11
785,Assimilated,Grass-roots multi-state parallelism,2022-01-05T05:44:20Z,76
786,full-range,Focused secondary process improvement,2022-02-02T19:49:05Z,22
787,Diverse,Total regional installation,2021-06-04T02:55:00Z,69
788,Public-key,Total multi-state time-frame,2022-05-11T12:11:01Z,15
789,adapter,Self-enabling dynamic secured line,2021-09-13T07:37:44Z,69
790,Advanced,Organic bandwidth-monitored secured line,2022-05-14T20:28:21Z,38
791,contextually-based,Multi-tiered systematic project,2022-01-30T07:40:58Z,6
792,instruction set,User-friendly demand-driven time-frame,2021-10-02T00:49:37Z,9
793,definition,Adaptive asymmetric algorithm,2021-11-20T07:05:56Z,59
794,Robust,Operative system-worthy middleware,2021-08-03T13:10:51Z,32
795,portal,Open-architected tangible support,2022-02-09T07:08:49Z,96
796,Profit-focused,Synchronised even-keeled budgetary management,2021-09-15T05:52:11Z,58
797,24/7,Face to face even-keeled encoding,2021-10-30T10:19:39Z,78
798,executive,Adaptive foreground alliance,2021-06-07T11:05:04Z,46
799,Self-enabling,Persistent global emulation,2022-01-08T17:40:16Z,55
800,Implemented,Decentralized fresh-thinking portal,2021-06-15T16:17:01Z,93
801,open architecture,Organic methodical database,2022-05-08T04:00:07Z,26
802,Reduced,Persevering 5th generation system engine,2021-06-11T11:53:49Z,3
803,Extended,Distributed asynchronous functionalities,2022-01-19T07:53:52Z,85
804,hub,Re-contextualized exuding protocol,2021-12-24T16:24:07Z,14
805,impactful,Multi-layered incremental support,2022-04-19T21:25:22Z,52
806,paradigm,Integrated radical encryption,2021-12-24T18:56:18Z,29
807,Stand-alone,Open-architected bifurcated array,2021-09-10T19:08:29Z,69
808,stable,Self-enabling incremental paradigm,2021-12-18T01:20:48Z,81
809,Cross-group,User-centric 4th generation open system,2021-10-23T04:51:30Z,2
810,Horizontal,Pre-emptive neutral capacity,2021-11-14T01:07:13Z,5
811,initiative,Adaptive web-enabled throughput,2021-10-24T04:42:26Z,99
812,encoding,Down-sized real-time moderator,2021-06-29T12:22:05Z,76
813,holistic,Universal local Graphical User Interface,2022-03-20T21:43:14Z,77
814,Cross-group,Multi-layered stable emulation,2022-05-13T22:27:16Z,62
815,static,Devolved methodical complexity,2022-04-17T03:38:07Z,87
816,disintermediate,Monitored systemic Graphical User Interface,2022-02-21T05:40:21Z,93
817,scalable,Upgradable bifurcated implementation,2022-05-08T07:56:55Z,91
818,local area network,Multi-channelled optimizing interface,2022-04-10T00:20:28Z,10
819,portal,Function-based interactive system engine,2021-10-08T00:08:54Z,40
820,functionalities,User-friendly optimal encryption,2021-05-24T08:49:15Z,17
821,Mandatory,Synergized grid-enabled capability,2022-03-11T09:13:08Z,91
822,success,Synergized even-keeled encoding,2022-05-09T15:35:50Z,72
823,matrix,Open-architected asymmetric knowledge base,2021-05-27T15:30:08Z,43
824,full-range,Enhanced explicit flexibility,2021-06-04T17:00:28Z,70
825,Up-sized,Customizable reciprocal toolset,2021-07-16T01:24:05Z,28
826,Switchable,Horizontal global data-warehouse,2022-01-06T18:11:11Z,53
827,multimedia,Triple-buffered analyzing project,2021-06-09T00:59:48Z,30
828,asynchronous,Pre-emptive neutral hardware,2021-11-27T18:54:59Z,28
829,algorithm,Multi-lateral regional protocol,2021-12-29T06:11:36Z,61
830,attitude,Optional client-server artificial intelligence,2021-11-28T14:04:22Z,68
831,budgetary management,Programmable demand-driven knowledge base,2021-12-23T06:35:00Z,53
832,function,Open-source disintermediate support,2021-11-11T04:59:32Z,13
833,client-driven,Multi-channelled methodical solution,2022-02-09T08:58:56Z,21
834,object-oriented,Open-architected mobile paradigm,2022-01-04T03:35:40Z,40
835,protocol,Phased optimal projection,2021-07-11T22:59:25Z,18
836,Re-contextualized,Seamless local toolset,2022-01-29T16:09:15Z,89
837,pricing structure,Programmable next generation definition,2022-01-08T10:04:35Z,70
838,responsive,Implemented solution-oriented benchmark,2022-02-07T01:36:58Z,74
839,multi-state,Universal client-server strategy,2021-06-02T04:27:19Z,39
840,forecast,Assimilated clear-thinking solution,2022-03-19T02:57:34Z,16
841,exuding,Implemented dynamic orchestration,2022-03-25T04:36:30Z,40
842,throughput,Re-engineered zero defect capacity,2022-02-01T01:16:24Z,48
843,workforce,Stand-alone multi-state system engine,2022-01-30T09:26:13Z,42
844,artificial intelligence,Open-architected tangible system engine,2021-06-07T10:51:31Z,2
845,algorithm,Inverse human-resource focus group,2021-06-04T06:41:55Z,93
846,system engine,Re-engineered 24/7 definition,2022-03-15T00:20:31Z,88
847,Integrated,Upgradable interactive framework,2021-07-06T15:51:49Z,4
848,multi-state,Organic zero administration orchestration,2021-12-03T13:46:41Z,64
849,architecture,Business-focused fault-tolerant implementation,2021-12-18T03:42:35Z,29
850,dynamic,Decentralized maximized alliance,2022-04-02T14:52:58Z,18
851,real-time,Business-focused global info-mediaries,2022-02-16T04:17:40Z,53
852,Intuitive,Persevering explicit synergy,2021-08-08T17:17:11Z,88
853,portal,Quality-focused static service-desk,2021-12-29T21:41:49Z,40
854,project,Re-contextualized zero defect contingency,2022-02-01T21:15:52Z,50
855,service-desk,Multi-lateral client-driven approach,2021-09-11T04:09:00Z,47
856,bandwidth-monitored,Expanded leading edge collaboration,2022-03-15T19:48:14Z,6
857,workforce,Streamlined needs-based alliance,2022-04-29T13:16:28Z,83
858,budgetary management,Advanced object-oriented open architecture,2021-10-26T14:41:18Z,33
859,global,Front-line motivating conglomeration,2022-01-17T09:42:31Z,15
860,Configurable,User-friendly solution-oriented middleware,2022-01-18T03:03:28Z,25
861,hub,Secured disintermediate model,2022-04-10T19:17:31Z,17
862,Future-proofed,Open-source mission-critical product,2022-05-03T16:11:43Z,68
863,multimedia,Re-engineered mission-critical open system,2022-04-17T12:16:53Z,20
864,Decentralized,Streamlined bi-directional solution,2022-04-28T19:27:59Z,2
865,data-warehouse,Total multi-state hardware,2021-08-24T12:22:16Z,25
866,help-desk,Down-sized homogeneous database,2021-05-23T18:43:37Z,37
867,Inverse,Profit-focused local benchmark,2022-02-14T05:37:33Z,81
868,3rd generation,Centralized real-time forecast,2021-05-26T00:05:24Z,34
869,actuating,Assimilated holistic local area network,2021-07-08T15:30:31Z,97
870,Networked,Adaptive optimal standardization,2021-07-20T08:21:32Z,50
871,multimedia,Advanced local infrastructure,2021-10-10T07:18:23Z,60
872,algorithm,Robust system-worthy internet solution,2021-09-18T08:44:59Z,50
873,migration,Synergized explicit throughput,2022-04-15T23:29:05Z,23
874,user-facing,Persistent multi-state installation,2022-05-08T18:24:32Z,34
875,hybrid,Multi-layered object-oriented internet solution,2022-05-01T11:05:52Z,43
876,attitude,Innovative intangible productivity,2022-04-01T20:07:18Z,41
877,interactive,Cloned holistic benchmark,2021-06-27T07:02:59Z,46
878,encryption,Customer-focused human-resource attitude,2021-05-27T09:06:12Z,65
879,human-resource,Vision-oriented static benchmark,2021-10-10T07:08:26Z,70
880,collaboration,Distributed context-sensitive encryption,2022-01-22T16:28:49Z,29
881,emulation,Face to face background adapter,2021-10-23T02:21:33Z,30
882,Inverse,Triple-buffered optimizing paradigm,2021-09-27T10:31:45Z,73
883,attitude,Distributed client-driven framework,2021-08-04T16:31:57Z,46
884,Total,Inverse next generation workforce,2021-06-19T01:32:16Z,65
885,encoding,Cross-platform local contingency,2021-12-03T23:52:27Z,89
886,tangible,Customizable fault-tolerant help-desk,2021-08-28T19:54:47Z,37
887,Synergistic,Customizable upward-trending structure,2021-08-05T05:01:05Z,18
888,Devolved,Self-enabling full-range functionalities,2022-04-02T22:27:13Z,10
889,Organic,Implemented real-time alliance,2022-02-22T09:50:26Z,92
890,circuit,Team-oriented interactive access,2022-01-18T06:13:54Z,2
891,strategy,Distributed object-oriented hub,2021-07-18T14:07:15Z,95
892,Operative,Progressive optimizing neural-net,2022-04-23T01:09:43Z,54
893,5th generation,Horizontal high-level benchmark,2021-10-25T05:13:57Z,48
894,data-warehouse,Integrated multi-state workforce,2021-12-27T16:50:00Z,66
895,Distributed,Monitored leading edge access,2021-12-25T10:43:23Z,3
896,human-resource,Reactive bi-directional algorithm,2022-03-02T08:07:27Z,8
897,clear-thinking,Multi-lateral executive initiative,2022-01-28T09:39:56Z,16
898,Managed,Expanded fresh-thinking methodology,2021-12-28T01:51:42Z,17
899,internet solution,Integrated incremental monitoring,2021-12-26T08:25:09Z,65
900,knowledge user,Customizable contextually-based archive,2022-01-22T21:44:03Z,89
901,Expanded,Synergized zero defect knowledge user,2022-01-24T22:12:53Z,98
902,fresh-thinking,Centralized non-volatile frame,2022-02-15T02:00:09Z,26
903,multi-tasking,Distributed bi-directional intranet,2021-07-06T07:29:55Z,1
904,emulation,Triple-buffered logistical budgetary management,2022-02-26T16:48:35Z,28
905,Open-source,Exclusive disintermediate analyzer,2021-08-27T20:10:28Z,68
906,Triple-buffered,Organic 5th generation artificial intelligence,2022-02-08T04:05:17Z,43
907,coherent,Adaptive radical moratorium,2021-07-30T03:18:43Z,29
908,Team-oriented,Compatible impactful extranet,2022-05-06T08:46:27Z,79
909,matrices,Total logistical database,2021-11-13T23:32:50Z,74
910,emulation,Mandatory bi-directional focus group,2021-07-21T18:58:12Z,71
911,Streamlined,De-engineered national throughput,2022-04-13T21:33:38Z,42
912,alliance,Extended holistic firmware,2021-11-26T20:19:42Z,10
913,Advanced,Implemented demand-driven array,2021-08-09T13:15:34Z,37
914,foreground,Future-proofed intangible orchestration,2022-02-01T06:05:44Z,87
915,contingency,Team-oriented executive capability,2021-09-28T07:23:05Z,85
916,ability,Profound grid-enabled portal,2022-02-10T03:52:31Z,87
917,Vision-oriented,Progressive modular toolset,2021-12-25T11:16:20Z,67
918,open system,Synergistic contextually-based functionalities,2021-05-30T05:03:20Z,45
919,bi-directional,Synergistic scalable attitude,2022-03-04T14:11:10Z,44
920,analyzing,De-engineered well-modulated superstructure,2022-02-27T03:34:04Z,67
921,zero tolerance,Function-based 24/7 application,2021-08-28T06:03:13Z,5
922,encompassing,Polarised dynamic customer loyalty,2022-04-17T09:51:26Z,87
923,even-keeled,Decentralized reciprocal middleware,2022-03-02T01:01:42Z,86
924,complexity,Persistent encompassing hub,2021-08-17T17:27:09Z,9
925,Total,Function-based actuating database,2021-05-22T07:56:31Z,41
926,Open-architected,Optimized encompassing conglomeration,2021-11-02T12:47:43Z,20
927,mission-critical,Integrated mission-critical pricing structure,2021-12-22T02:22:03Z,15
928,benchmark,Cross-group executive groupware,2021-09-17T11:11:00Z,21
929,hybrid,Grass-roots disintermediate adapter,2021-05-26T04:22:37Z,20
930,radical,Team-oriented upward-trending application,2021-06-18T19:08:26Z,100
931,structure,Profound 24/7 budgetary management,2021-10-16T18:14:30Z,78
932,maximized,Integrated empowering framework,2021-06-23T09:25:19Z,33
933,Balanced,Intuitive needs-based knowledge user,2021-12-19T16:22:14Z,69
934,Devolved,Switchable 6th generation structure,2022-02-02T17:21:01Z,15
935,superstructure,Implemented solution-oriented help-desk,2022-01-20T21:20:38Z,86
936,encompassing,Automated solution-oriented contingency,2021-11-07T03:24:59Z,87
937,dedicated,Customizable even-keeled approach,2022-01-12T12:52:24Z,68
938,Total,Multi-layered 4th generation conglomeration,2021-11-28T11:51:25Z,37
939,hub,Self-enabling transitional hardware,2021-07-03T07:11:22Z,69
940,Profound,Secured contextually-based secured line,2022-01-17T06:50:09Z,42
941,open system,Team-oriented systemic portal,2022-04-12T03:18:56Z,72
942,alliance,Quality-focused local Graphic Interface,2021-07-10T19:52:03Z,9
943,implementation,Distributed encompassing productivity,2022-05-01T08:49:19Z,51
944,help-desk,De-engineered context-sensitive policy,2021-06-05T15:05:46Z,87
945,Optional,Up-sized well-modulated matrix,2021-07-30T11:10:02Z,17
946,structure,Cross-group contextually-based framework,2021-05-30T01:34:58Z,53
947,Up-sized,Object-based bi-directional extranet,2021-07-24T04:23:02Z,23
948,mobile,Digitized system-worthy website,2021-10-17T06:51:48Z,84
949,User-friendly,Team-oriented next generation software,2021-09-11T08:16:40Z,19
950,content-based,Progressive high-level moderator,2021-05-25T01:52:43Z,56
951,Visionary,Mandatory composite alliance,2021-11-22T15:12:28Z,96
952,uniform,Sharable well-modulated product,2021-11-13T16:04:14Z,94
953,Adaptive,Balanced needs-based core,2021-06-25T05:15:18Z,100
954,hub,Enhanced local focus group,2022-04-30T22:55:41Z,38
955,policy,Optional motivating matrix,2021-08-26T11:09:46Z,31
956,demand-driven,Expanded solution-oriented projection,2021-05-27T21:01:19Z,98
957,Sharable,Organized optimal attitude,2021-09-29T18:47:47Z,55
958,Ergonomic,Realigned object-oriented utilisation,2021-08-02T09:38:28Z,96
959,projection,Business-focused 24/7 emulation,2022-04-11T12:23:48Z,10
960,Phased,Virtual needs-based synergy,2021-11-16T19:30:40Z,44
961,logistical,Organic user-facing migration,2021-10-03T14:00:18Z,77
962,Cross-platform,Integrated multi-state monitoring,2022-04-17T05:52:07Z,97
963,alliance,Down-sized zero defect moderator,2021-07-08T05:24:03Z,20
964,Function-based,Distributed discrete archive,2021-06-22T00:19:19Z,7
965,Configurable,Streamlined system-worthy forecast,2022-03-10T01:17:00Z,19
966,explicit,Assimilated real-time process improvement,2022-02-14T13:07:53Z,1
967,utilisation,Centralized responsive protocol,2022-01-12T15:43:42Z,55
968,initiative,Customizable upward-trending neural-net,2021-12-02T03:12:59Z,87
969,regional,Organic impactful initiative,2022-01-28T09:13:36Z,43
970,Decentralized,Function-based 24 hour open architecture,2022-03-15T22:58:32Z,18
971,intranet,Robust high-level frame,2021-06-10T22:36:17Z,6
972,customer loyalty,Enterprise-wide client-driven utilisation,2021-07-01T05:03:43Z,4
973,circuit,Automated multi-state task-force,2021-05-25T02:49:28Z,93
974,static,Front-line fresh-thinking interface,2021-10-01T13:00:08Z,45
975,core,Open-architected 24 hour protocol,2021-08-02T07:51:42Z,15
976,radical,Ameliorated encompassing website,2021-07-25T22:49:01Z,42
977,zero tolerance,Diverse foreground productivity,2021-10-21T17:33:43Z,6
978,definition,Decentralized next generation parallelism,2022-01-15T00:09:54Z,9
979,Right-sized,Ameliorated neutral middleware,2022-03-03T14:10:32Z,4
980,Progressive,Compatible coherent monitoring,2022-04-20T01:06:19Z,19
981,Pre-emptive,Optimized interactive pricing structure,2021-10-29T05:03:56Z,9
982,Face to face,Integrated 5th generation complexity,2021-11-03T14:55:59Z,78
983,analyzer,Balanced 4th generation system engine,2021-06-11T08:23:34Z,40
984,methodical,Multi-tiered encompassing productivity,2022-02-01T17:37:55Z,30
985,directional,Open-architected executive function,2021-12-08T02:59:42Z,35
986,website,Managed static conglomeration,2021-10-11T17:19:30Z,78
987,motivating,Public-key multi-state contingency,2022-03-14T08:42:08Z,1
988,complexity,Open-source clear-thinking algorithm,2021-06-16T00:51:34Z,92
989,Proactive,Automated transitional pricing structure,2021-11-07T20:19:00Z,57
990,Intuitive,Open-source bandwidth-monitored complexity,2021-08-25T22:24:42Z,60
991,Optional,Sharable foreground service-desk,2022-01-02T00:11:49Z,56
992,alliance,Grass-roots background success,2021-09-17T08:51:58Z,69
993,6th generation,Operative human-resource projection,2021-12-21T18:44:25Z,59
994,4th generation,Mandatory client-driven application,2021-12-01T18:30:51Z,24
995,algorithm,Exclusive even-keeled benchmark,2021-10-11T11:31:58Z,83
996,Open-source,Synchronised executive framework,2022-04-29T14:49:39Z,9
997,analyzer,Multi-layered clear-thinking definition,2022-04-06T02:24:21Z,53
998,6th generation,Robust multimedia model,2022-04-12T15:14:17Z,2
999,projection,Compatible eco-centric leverage,2021-09-15T13:20:04Z,81
1000,complexity,De-engineered foreground methodology,2022-02-18T00:55:46Z,74
